 Time Step, Mean Dist, StdDev Mean Dist, Mean Cluster Size, StdDev Mean Cluster Size, Mean SD Est, StdDev Mean SD Est, Mean acutal density
1,31.07195,8.025212,3.2857144,Stddev_mean_size,2.3935373,0.84166354,0.06927744
2,26.402824,6.386513,2.875,Stddev_mean_size,1.5677083,0.12999743,0.06195213
3,31.985462,8.335654,3.4285715,Stddev_mean_size,1.6464285,0.13642219,0.06875338
4,31.953032,8.157883,3.4285715,Stddev_mean_size,1.6761905,0.1269104,0.06694816
5,31.928417,8.101251,3.4285715,Stddev_mean_size,1.6761905,0.1269104,0.06374229
6,32.06313,8.014258,3.4285715,Stddev_mean_size,1.6761905,0.1269104,0.059696734
7,31.691238,9.262599,3.6666667,Stddev_mean_size,1.7888889,0.14806212,0.5530061
8,27.631989,6.7793365,3.5,Stddev_mean_size,1.7173611,0.08019256,1.0953304
9,44.461575,33.880653,3.8333333,Stddev_mean_size,1.6421295,0.21331288,2.128936
10,44.181995,33.6245,3.8333333,Stddev_mean_size,1.6472222,0.2023446,6.2399917
11,45.9981,30.87025,3.2857144,Stddev_mean_size,1.6357144,0.16658875,4.4564466
12,45.993763,30.640015,3.2857144,Stddev_mean_size,1.6357144,0.16658875,4.6500673
13,46.238262,30.450548,3.2857144,Stddev_mean_size,1.5738095,0.21940084,4.7299232
14,30.251368,9.324896,3.6666667,Stddev_mean_size,1.5962963,0.1402158,6.023487
15,31.079071,9.45324,3.6666667,Stddev_mean_size,1.5975308,0.14210309,6.701266
16,31.875984,9.631881,3.6666667,Stddev_mean_size,1.5660495,0.16543905,6.9716353
17,32.998974,9.902518,3.6666667,Stddev_mean_size,1.495216,0.20035367,6.9723344
18,34.210968,10.290782,3.6666667,Stddev_mean_size,1.4854938,0.19233422,7.548673
19,35.310413,10.747708,3.6666667,Stddev_mean_size,1.3583332,0.21130268,6.3632836
20,36.15491,11.229268,3.6666667,Stddev_mean_size,1.2546297,0.17781462,5.566641
21,35.758976,11.556773,3.5,Stddev_mean_size,1.2351853,0.17447849,3.0696917
22,33.346493,10.257007,3.3333333,Stddev_mean_size,1.162963,0.11948129,2.254382
23,36.44918,11.569316,2.857143,Stddev_mean_size,1.1244898,0.10277634,1.6227648
24,36.34142,9.98332,2.75,Stddev_mean_size,1.0946429,0.10040513,1.2794127
25,36.221123,8.755384,2.6666667,Stddev_mean_size,1.084127,0.089249,1.2009745
26,29.820566,3.7946644,2.5,Stddev_mean_size,1.1606667,0.07089561,0.029214924
27,29.551956,3.6507835,2.5,Stddev_mean_size,1.18,0.056568544,0.034364805
28,29.35403,3.4691625,2.5,Stddev_mean_size,1.2366667,0.032998312,0.040367074
29,29.28265,3.3321183,2.5,Stddev_mean_size,1.24,0.028284272,0.047471546
30,30.781805,5.767294,2.6,Stddev_mean_size,1.2306668,0.102107584,0.049453534
31,29.970005,6.1462646,2.6666667,Stddev_mean_size,1.3088889,0.06729838,0.05650614
32,29.631395,5.9868264,2.6666667,Stddev_mean_size,1.3111111,0.06285394,0.058860738
33,29.389168,5.837389,2.6666667,Stddev_mean_size,1.3111111,0.06285394,0.060439274
34,29.258244,5.6897917,2.6666667,Stddev_mean_size,1.2733333,0.10478274,0.06262877
35,29.368618,5.6449647,2.6666667,Stddev_mean_size,1.2711111,0.10297721,0.06390876
36,29.54762,5.556965,2.6666667,Stddev_mean_size,1.2711111,0.10297721,0.06458234
37,29.679226,5.3908653,2.6666667,Stddev_mean_size,1.2711111,0.10297721,0.06553445
38,31.058743,6.359685,2.7777777,Stddev_mean_size,1.2914815,0.13316435,0.06633017
39,29.553963,5.742053,2.75,Stddev_mean_size,1.334375,0.14739011,0.060420793
40,29.810207,5.503075,2.75,Stddev_mean_size,1.3739583,0.13526846,0.054197595
41,29.400055,5.97547,2.857143,Stddev_mean_size,1.4011906,0.15438367,0.05678737
42,31.526316,7.1575904,3,Stddev_mean_size,1.4261905,0.16582052,0.023517404
43,31.751738,7.017662,3,Stddev_mean_size,1.4333334,0.15779169,0.023961538
44,36.407085,14.439826,3.2857144,Stddev_mean_size,1.6000001,0.2526168,0.024433056
45,34.205345,12.549895,3.142857,Stddev_mean_size,1.6166668,0.19533822,0.07819705
46,34.191837,10.993534,3,Stddev_mean_size,1.5229167,0.1775284,0.07906772
47,30.067654,4.51646,2.75,Stddev_mean_size,1.4354167,0.09431772,0.09591632
48,29.548927,4.5710855,2.75,Stddev_mean_size,1.4354167,0.09431772,0.11748842
49,30.094604,3.704129,2.6,Stddev_mean_size,1.3283333,0.09545418,0.12028359
50,30.780304,5.5871544,2.7,Stddev_mean_size,1.3366667,0.14444765,0.17205368
51,31.942148,7.030491,2.8,Stddev_mean_size,1.3466666,0.19335835,0.06620499
52,31.074398,7.2420006,2.8,Stddev_mean_size,1.3516666,0.18590835,0.07868047
53,30.557537,7.535403,2.8,Stddev_mean_size,1.3516666,0.18590835,0.093501754
54,28.752148,7.1128182,2.7,Stddev_mean_size,1.3116666,0.15762408,0.11236427
55,32.218933,8.631795,3.1111112,Stddev_mean_size,1.4611112,0.19475377,0.1537143
56,31.897152,8.843582,3.1111112,Stddev_mean_size,1.4805555,0.20209232,0.20950086
57,31.71045,9.057039,3.1111112,Stddev_mean_size,1.4781481,0.19989718,0.32351246
58,35.861565,11.92716,3.5,Stddev_mean_size,1.5504167,0.23047899,0.7965059
59,36.02632,11.8305,3.5,Stddev_mean_size,1.5566667,0.22562215,2.4337628
60,36.294872,11.799022,3.5,Stddev_mean_size,1.5969445,0.23738003,0.4248214
61,34.569042,10.403171,3.375,Stddev_mean_size,1.58375,0.23711416,0.24165882
62,37.04306,12.071128,3.5,Stddev_mean_size,1.6254166,0.2606844,0.02231914
63,33.73678,11.116112,3.1111112,Stddev_mean_size,1.5781481,0.25108165,0.018716099
64,32.63804,9.172062,3,Stddev_mean_size,1.5207407,0.20595737,0.17399563
65,32.97572,9.033428,3,Stddev_mean_size,1.4792591,0.19864732,0.1908715
66,28.854548,4.5051384,2.6,Stddev_mean_size,1.3633333,0.11928419,0.05155348
67,31.321407,5.95474,2.7777777,Stddev_mean_size,1.3740741,0.15544993,0.051025644
68,31.14605,6.787964,2.6666667,Stddev_mean_size,1.3444445,0.11901588,0.04557191
69,25.96038,2.4225593,2.3333333,Stddev_mean_size,1.2425926,0.063522115,0.2937192
70,27.49951,3.1513984,2.4444444,Stddev_mean_size,1.3055556,0.073492855,0.36531124
71,28.73046,4.018797,2.5555556,Stddev_mean_size,1.3398147,0.073361196,0.4740608
72,29.61574,3.253975,2.4545455,Stddev_mean_size,1.2621211,0.08030304,0.049872603
73,28.998741,3.1992662,2.4545455,Stddev_mean_size,1.280303,0.062121216,0.05505357
74,28.737268,2.929918,2.4166667,Stddev_mean_size,1.2486111,0.065277785,0.04795894
75,28.033796,2.9963624,2.4166667,Stddev_mean_size,1.2569444,0.05694445,0.054814864
76,27.242027,3.4075441,2.4545455,Stddev_mean_size,1.2257576,0.087834194,0.070435256
77,29.322178,5.8927455,2.7,Stddev_mean_size,1.2958333,0.13494189,0.091454946
78,28.713907,6.1859055,2.7,Stddev_mean_size,1.3033334,0.13161762,0.10709013
79,28.408014,6.536972,2.7,Stddev_mean_size,1.2616668,0.15016554,0.12844291
80,27.918848,7.752069,2.6,Stddev_mean_size,1.2333333,0.14873846,0.15582906
81,29.156572,7.3675013,2.7777777,Stddev_mean_size,1.2953705,0.17016214,0.048577763
82,30.876081,9.572903,2.8888888,Stddev_mean_size,1.3166667,0.20351838,0.057048663
83,30.328268,9.707354,2.8888888,Stddev_mean_size,1.3861111,0.2040766,0.068373434
84,29.799635,9.755454,2.8888888,Stddev_mean_size,1.4361111,0.22804604,0.08378556
85,29.441795,9.753606,2.8888888,Stddev_mean_size,1.4370371,0.19381624,0.10479452
86,29.182207,9.776376,2.8888888,Stddev_mean_size,1.4407408,0.19119088,0.13799919
87,26.676323,7.395776,2.7777777,Stddev_mean_size,1.4074073,0.17087501,0.19224775
88,26.432327,7.234024,2.7777777,Stddev_mean_size,1.4592593,0.13357475,0.28205952
89,26.288406,7.0836163,2.7777777,Stddev_mean_size,1.4629629,0.12833694,0.45010006
90,26.321104,6.9525747,2.7777777,Stddev_mean_size,1.4629629,0.12833694,0.8958781
91,26.522673,6.722414,2.7777777,Stddev_mean_size,1.4629629,0.12833694,2.1658401
92,34.655323,13.333999,3.8333333,Stddev_mean_size,1.5916666,0.18539996,31.696577
93,37.880634,14.774017,4,Stddev_mean_size,1.6522222,0.2455493,1.4999667
94,38.91872,14.354487,4,Stddev_mean_size,1.6633333,0.23603398,0.6464938
95,34.082962,8.678658,3.2857144,Stddev_mean_size,1.6361904,0.2464901,0.027459716
96,33.04731,6.392318,3,Stddev_mean_size,1.4508333,0.22550572,0.0703389
97,33.071537,6.3918257,3,Stddev_mean_size,1.5441668,0.21654949,0.08279739
98,33.200665,6.44958,3,Stddev_mean_size,1.5450001,0.223512,0.09878708
99,33.21854,7.4316874,3.142857,Stddev_mean_size,1.5742856,0.2490037,0.14561291
100,33.334103,7.5577464,3.142857,Stddev_mean_size,1.6080953,0.2223034,0.20217548
101,35.196133,8.052606,3.5,Stddev_mean_size,1.7544445,0.15717113,0.3533803
102,31.90624,6.608544,3,Stddev_mean_size,1.675238,0.16911407,0.8108005
103,29.984613,5.4182305,2.857143,Stddev_mean_size,1.5419047,0.16285832,0.9976917
104,29.918243,4.7292533,2.75,Stddev_mean_size,1.4616666,0.15500103,0.2797845
105,29.43512,4.861298,2.75,Stddev_mean_size,1.4741666,0.14250103,0.15897381
106,32.675255,7.613612,3.142857,Stddev_mean_size,1.6314286,0.21130481,0.12690176
107,31.88779,7.961577,3.142857,Stddev_mean_size,1.5321429,0.21051277,0.123812966
108,31.159079,8.483855,3.142857,Stddev_mean_size,1.614762,0.22863068,0.11665575
109,30.294678,8.939172,3.142857,Stddev_mean_size,1.5885715,0.2529604,0.11043064
110,27.356375,7.7505045,3,Stddev_mean_size,1.5219048,0.18477319,0.4161168
111,33.582253,10.94988,3.5,Stddev_mean_size,1.6769444,0.26855978,0.28532085
112,33.553448,11.200746,3.5,Stddev_mean_size,1.6894445,0.2630193,0.21294254
113,30.640364,9.614032,3.3333333,Stddev_mean_size,1.7894444,0.23787357,0.1736148
114,28.829565,8.313518,3.1666667,Stddev_mean_size,1.7902778,0.21698295,0.15023129
115,31.011534,8.671153,3.3333333,Stddev_mean_size,1.7727777,0.21941681,0.13566151
116,33.55087,13.027574,3.5,Stddev_mean_size,1.8372221,0.2811052,0.12158624
117,33.277016,12.859989,3.5,Stddev_mean_size,1.8427777,0.2660343,0.09990156
118,33.445534,12.581135,3.5,Stddev_mean_size,1.8427777,0.2660343,0.08295143
119,33.6847,12.426747,3.5,Stddev_mean_size,1.8133332,0.3305317,0.069833614
120,34.185795,12.3370695,3.5,Stddev_mean_size,1.7272221,0.30150315,0.059643503
121,34.8107,12.368247,3.5,Stddev_mean_size,1.6538888,0.2928916,0.05328016
122,32.781612,11.999873,3.3333333,Stddev_mean_size,1.6288887,0.2816987,0.049949143
123,29.428896,10.016908,3.1666667,Stddev_mean_size,1.648889,0.2617222,0.8309187
124,40.940704,22.834072,4,Stddev_mean_size,1.4106667,0.30236244,0.980598
125,41.08078,22.742691,4,Stddev_mean_size,1.4136666,0.30375278,0.97877276
126,41.305912,22.704,4,Stddev_mean_size,1.4493334,0.32449147,1.010998
127,37.21728,16.889534,3.5,Stddev_mean_size,1.2797223,0.2524631,0.8553794
128,37.04052,17.188948,3.5,Stddev_mean_size,1.2547222,0.21929121,0.8617134
129,37.001778,17.392157,3.5,Stddev_mean_size,1.2761111,0.22791469,0.86302215
130,30.428059,11.509364,3,Stddev_mean_size,1.4039682,0.24160625,0.7355312
131,30.829504,11.452905,3,Stddev_mean_size,1.4202381,0.22588775,0.71837634
132,31.3699,11.291199,3,Stddev_mean_size,1.4202381,0.22588775,0.6768732
133,31.935614,11.174888,3,Stddev_mean_size,1.4202381,0.22588775,0.66655105
134,32.616276,11.1103735,3,Stddev_mean_size,1.4202381,0.22588775,0.65082407
135,33.187874,11.066854,3,Stddev_mean_size,1.4202381,0.22588775,0.6514043
136,52.213,22.649584,3.5,Stddev_mean_size,1.3777777,0.27636537,0.7089383
137,55.9718,27.464544,3.8,Stddev_mean_size,1.445,0.33231458,0.7753064
138,56.300194,27.773676,3.8,Stddev_mean_size,1.445,0.33231458,0.68379664
139,53.09477,22.985718,3.6,Stddev_mean_size,1.365,0.27574605,0.6006919
140,28.800373,9.284907,2.5714285,Stddev_mean_size,1.3190477,0.12795267,0.41058972
141,29.416393,9.549284,2.5714285,Stddev_mean_size,1.3142856,0.12121831,0.38566497
142,30.004725,9.688388,2.5714285,Stddev_mean_size,1.3142856,0.12121831,0.36319247
143,28.396618,6.5457106,2.4285715,Stddev_mean_size,1.2714285,0.09509792,0.31093934
144,38.881054,8.668181,3.1666667,Stddev_mean_size,1.3285714,0.125986,0.09655819
145,38.946278,8.908029,3.1666667,Stddev_mean_size,1.3571428,0.10477721,0.10214561
146,39.139023,9.173474,3.1666667,Stddev_mean_size,1.3571428,0.10477721,0.10595402
147,38.061127,9.9213085,3,Stddev_mean_size,1.2555555,0.16145475,0.10820761
148,34.602932,5.577543,2.7142856,Stddev_mean_size,1.2031746,0.13325834,0.097103596
149,34.054134,5.083599,2.625,Stddev_mean_size,1.1666667,0.106337294,0.09015756
150,35.620235,6.865379,2.75,Stddev_mean_size,1.1575,0.14569971,0.094094664
151,34.76614,6.8602085,2.75,Stddev_mean_size,1.16,0.1503601,0.10199431
152,50.81767,21.028713,2.875,Stddev_mean_size,1.2058333,0.17982289,0.1162818
153,44.16295,17.826656,3,Stddev_mean_size,1.2433333,0.23285592,0.13615517
154,43.661907,17.870386,3,Stddev_mean_size,1.26,0.2210708,0.16417363
155,43.305725,17.893122,3,Stddev_mean_size,1.31125,0.22644971,0.2209589
156,42.902435,17.941364,3,Stddev_mean_size,1.315,0.22752948,0.3915529
157,33.14148,9.05607,2.875,Stddev_mean_size,1.4089584,0.2060872,2.1000237
158,32.984337,9.206869,2.875,Stddev_mean_size,1.3654166,0.19321439,0.5125894
159,32.930706,9.213494,2.875,Stddev_mean_size,1.3654166,0.19321439,0.22815707
160,33.015175,8.235038,2.7777777,Stddev_mean_size,1.3137038,0.18285722,0.12862732
161,32.868267,8.282542,2.7777777,Stddev_mean_size,1.2803704,0.15538822,0.09684894
162,32.721054,8.358543,2.7777777,Stddev_mean_size,1.2803704,0.15538822,0.07870441
163,32.749252,8.407734,2.7777777,Stddev_mean_size,1.3188889,0.19315201,0.06742397
164,31.904825,6.3397384,2.6666667,Stddev_mean_size,1.38,0.11020754,0.059338436
165,30.042559,3.8368297,2.4444444,Stddev_mean_size,1.3888888,0.04049916,0.05245248
166,26.803698,3.0564036,2.375,Stddev_mean_size,1.3125,0.047855344,0.25036573
167,24.88438,2.1337795,2.25,Stddev_mean_size,1.1916666,0.0537479,0.2507225
168,25.289246,2.3801138,2.25,Stddev_mean_size,1.175,0.03535534,0.25039938
169,27.358469,4.4053874,2.375,Stddev_mean_size,1.2208333,0.06481812,0.2521568
170,27.606977,5.006979,2.375,Stddev_mean_size,1.1541667,0.11195858,0.25288358
171,27.89332,5.5556755,2.375,Stddev_mean_size,1.1500001,0.10606602,0.24668069
172,28.207819,6.1321344,2.375,Stddev_mean_size,1.1500001,0.10606602,0.24146095
173,29.363747,7.4366813,2.5,Stddev_mean_size,1.1854167,0.13205415,0.23810425
174,30.175737,6.841981,2.4444444,Stddev_mean_size,1.1555555,0.1317001,0.058314163
175,30.003914,7.0019736,2.4444444,Stddev_mean_size,1.1666666,0.12058898,0.07087551
176,28.825605,5.0181556,2.3333333,Stddev_mean_size,1.1333334,0.094280906,0.09022639
177,43.642975,19.135826,2.75,Stddev_mean_size,1.1291666,0.16695966,0.13448304
178,43.2527,19.073885,2.75,Stddev_mean_size,1.1458333,0.15751347,0.18021388
179,36.760845,14.880706,2.625,Stddev_mean_size,1.0767857,0.10803155,0.24964797
180,36.101353,14.902988,2.625,Stddev_mean_size,1.0654762,0.09725178,0.39857185
181,35.342545,13.28922,2.5555556,Stddev_mean_size,1.0470899,0.097557135,0.6858064
182,34.809517,13.339367,2.5555556,Stddev_mean_size,1.0582011,0.086446024,2.701149
183,59.68268,24.924576,3.125,Stddev_mean_size,1.0925596,0.15784927,1.8918883
184,57.344162,22.18953,3,Stddev_mean_size,1.0878307,0.14043063,0.7320655
185,61.544506,28.853367,3.25,Stddev_mean_size,1.1446428,0.1926249,0.6793446
186,30.925194,13.69379,3,Stddev_mean_size,1.196131,0.20160368,0.52221245
187,30.19023,13.416871,3,Stddev_mean_size,1.2321429,0.21484382,0.5082751
188,29.87478,13.051511,3,Stddev_mean_size,1.2351191,0.21694963,0.50163066
189,26.49438,7.9047194,2.875,Stddev_mean_size,1.3097222,0.18713225,0.44842112
190,28.823393,8.895537,3,Stddev_mean_size,1.3916667,0.2441826,0.4365656
191,28.30483,8.56023,3,Stddev_mean_size,1.4128473,0.2329375,0.40739912
192,27.860888,8.245561,3,Stddev_mean_size,1.4128473,0.2329375,0.3857899
193,28.134132,7.1581955,2.8888888,Stddev_mean_size,1.4373457,0.18688138,0.33324888
194,27.610863,7.0015097,2.8888888,Stddev_mean_size,1.459568,0.18635756,0.3379877
195,27.689152,6.75385,2.8888888,Stddev_mean_size,1.4943826,0.19629179,0.35757965
196,28.015154,6.528385,2.8888888,Stddev_mean_size,1.5012964,0.19730702,0.38208815
197,29.609322,7.447574,3,Stddev_mean_size,1.4864815,0.23284745,0.39522374
198,28.323776,6.1671314,2.8888888,Stddev_mean_size,1.4237654,0.21112436,0.44449234
199,27.656734,6.6432014,3,Stddev_mean_size,1.4218056,0.23057322,0.5420888
200,27.790134,6.4266787,3,Stddev_mean_size,1.4143056,0.23964651,0.5621098
201,29.008265,8.432556,3.125,Stddev_mean_size,1.4661806,0.23231155,0.6018627
202,28.658018,8.327447,3.125,Stddev_mean_size,1.4805555,0.23183444,0.72718817
203,29.135345,7.1858716,3,Stddev_mean_size,1.4160495,0.21718617,0.6235028
204,28.987465,7.027485,3,Stddev_mean_size,1.4271606,0.20607506,0.57682014
205,28.89764,6.8801894,3,Stddev_mean_size,1.4271606,0.20607506,0.6428964
206,28.800716,6.759133,3,Stddev_mean_size,1.4218519,0.20516196,0.78033626
207,28.8337,6.674011,3,Stddev_mean_size,1.3846297,0.18612295,1.8541304
208,28.03263,6.4213543,2.8888888,Stddev_mean_size,1.3933333,0.16859728,2.98185
209,28.867348,6.3407154,2.8888888,Stddev_mean_size,1.3922222,0.16680086,0.74740654
210,29.537363,6.2722454,2.8888888,Stddev_mean_size,1.3544444,0.17429394,0.39970684
211,30.405745,6.1437917,2.8888888,Stddev_mean_size,1.3499999,0.1708195,0.26956695
212,31.280342,5.9758596,2.8888888,Stddev_mean_size,1.3499999,0.1708195,0.20702818
213,32.178936,5.8207383,2.8888888,Stddev_mean_size,1.2581482,0.1551823,0.17027257
214,32.816795,6.3875127,3,Stddev_mean_size,1.2904167,0.1745801,0.16496779
215,30.386108,5.1082697,2.6666667,Stddev_mean_size,1.2368519,0.14762992,0.13050409
216,26.437916,4.227454,2.4,Stddev_mean_size,1.154,0.08911733,0.1067456
217,25.237698,1.9564724,2.3,Stddev_mean_size,1.104,0.050833065,0.09833522
218,26.162943,3.1510837,2.4444444,Stddev_mean_size,1.1111112,0.05879448,0.102446824
219,26.789087,3.1480153,2.4444444,Stddev_mean_size,1.1148149,0.05198396,0.09674765
220,31.864714,5.2052197,2.857143,Stddev_mean_size,1.2083334,0.12776053,0.1163607
221,32.281895,4.7291923,2.75,Stddev_mean_size,1.1791667,0.11417267,0.09645189
222,32.340965,4.893354,2.75,Stddev_mean_size,1.1979167,0.102231964,0.09135686
223,32.547264,5.247343,2.75,Stddev_mean_size,1.1979167,0.102231964,0.09177055
224,34.583893,7.2052164,3,Stddev_mean_size,1.2289115,0.13875403,0.1068758
225,34.579685,7.446906,3,Stddev_mean_size,1.2937075,0.16829064,0.10673966
226,34.502834,8.910192,3.1666667,Stddev_mean_size,1.3551588,0.18414521,0.16793402
227,25.276588,5.3515487,2.6666667,Stddev_mean_size,1.351111,0.09649528,0.21141134
228,26.467312,4.6145363,2.5714285,Stddev_mean_size,1.2771428,0.08690437,0.06694105
229,26.232773,4.683478,2.5714285,Stddev_mean_size,1.2914286,0.07261866,0.07399177
230,25.957523,4.7038875,2.5714285,Stddev_mean_size,1.35,0.07876599,0.082625024
231,25.5742,4.787022,2.5714285,Stddev_mean_size,1.4038095,0.06981674,0.09668068
232,25.01653,4.8471017,2.5714285,Stddev_mean_size,1.4085715,0.074833155,0.11343616
233,26.041798,5.455289,2.7142856,Stddev_mean_size,1.4828571,0.098826595,0.31654307
234,28.942053,7.369813,2.857143,Stddev_mean_size,1.5476191,0.1194918,0.20242798
235,28.487675,7.4286695,2.857143,Stddev_mean_size,1.5523809,0.12622616,0.1497288
236,28.213469,7.526679,2.857143,Stddev_mean_size,1.6052381,0.13650225,0.11592885
237,28.841522,6.679811,2.75,Stddev_mean_size,1.5250001,0.13469811,0.08284969
238,32.265556,8.733971,3,Stddev_mean_size,1.55,0.14117578,0.07201063
239,28.66749,5.8589787,2.75,Stddev_mean_size,1.5729167,0.04791668,0.067095816
240,26.90306,6.7165685,2.857143,Stddev_mean_size,1.5642859,0.09040611,0.13258412
241,25.972952,6.7274504,2.857143,Stddev_mean_size,1.5642859,0.09040611,0.1726006
242,25.015696,6.7258306,2.857143,Stddev_mean_size,1.5642859,0.09040611,0.1876297
243,24.298796,6.736038,2.857143,Stddev_mean_size,1.5642859,0.09040611,0.17674239
244,23.88323,6.39521,2.857143,Stddev_mean_size,1.5642859,0.09040611,0.1552948
245,23.518444,6.136639,2.857143,Stddev_mean_size,1.5642859,0.09040611,0.14116327
246,26.526255,7.8624864,3,Stddev_mean_size,1.6166668,0.124077864,0.13699381
247,26.3925,7.832212,3,Stddev_mean_size,1.6214286,0.13081221,0.11788631
248,26.806805,7.958361,3,Stddev_mean_size,1.6214286,0.13081221,0.10457486
249,26.950487,8.114903,3,Stddev_mean_size,1.6797619,0.1584309,0.08948148
250,27.361279,8.660425,3,Stddev_mean_size,1.6976191,0.14819779,0.07953224
251,27.744595,9.343183,3,Stddev_mean_size,1.6976191,0.14819779,0.07086795
252,30.199507,10.345606,3.142857,Stddev_mean_size,1.6133335,0.22425154,0.06344252
253,30.638586,10.858894,3.142857,Stddev_mean_size,1.6171428,0.2108434,0.05754724
254,27.767313,8.468018,3,Stddev_mean_size,1.5171429,0.24186586,18.205
255,28.289446,8.829896,3,Stddev_mean_size,1.4933332,0.21805634,1.4743748
256,28.553438,9.153267,3,Stddev_mean_size,1.4338095,0.2445534,0.8611382
257,28.65042,8.302243,2.875,Stddev_mean_size,1.3629166,0.220595,1.0732557
258,28.809849,8.553818,2.875,Stddev_mean_size,1.3087499,0.19288263,0.76089895
259,27.520414,7.7348785,2.75,Stddev_mean_size,1.3604165,0.15612736,0.567384
260,30.349945,8.541751,2.875,Stddev_mean_size,1.29875,0.17897813,0.71795124
261,30.067112,8.238594,2.875,Stddev_mean_size,1.29875,0.17800201,0.83191675
262,29.913849,7.8938527,2.875,Stddev_mean_size,1.29875,0.17800201,0.8649714
263,29.930794,7.50795,2.875,Stddev_mean_size,1.29875,0.17800201,0.85877895
264,22.43128,3.2349296,2.3,Stddev_mean_size,1.25,0.04771236,0.15391956
265,22.065126,2.80344,2.3,Stddev_mean_size,1.24,0.028284272,0.16501926
266,23.363564,2.8431554,2.5555556,Stddev_mean_size,1.3014815,0.058869082,0.1919653
267,22.868404,2.6573179,2.5555556,Stddev_mean_size,1.3037038,0.059812233,0.21481626
268,22.559816,2.5893838,2.5555556,Stddev_mean_size,1.3037038,0.059812233,0.19909126
269,22.619345,2.6573298,2.5555556,Stddev_mean_size,1.3037038,0.059812233,0.18264435
270,22.804426,3.0673132,2.5555556,Stddev_mean_size,1.3037038,0.059812233,0.16421843
271,22.905321,3.419208,2.5555556,Stddev_mean_size,1.3037038,0.059812233,0.15131764
272,23.283407,3.7104082,2.5555556,Stddev_mean_size,1.3037038,0.059812233,0.12198741
273,26.246223,5.6525054,2.6666667,Stddev_mean_size,1.3444445,0.086001374,0.09117343
274,26.83406,6.0082574,2.6666667,Stddev_mean_size,1.3481481,0.0912392,0.07067435
275,27.3327,6.301829,2.6666667,Stddev_mean_size,1.2888889,0.13314182,0.056618486
276,27.56916,6.5384536,2.6666667,Stddev_mean_size,1.2814814,0.12266617,0.0476113
277,27.628685,6.9133005,2.5555556,Stddev_mean_size,1.2638888,0.104705386,0.0420217
278,29.324299,5.7411385,2.4545455,Stddev_mean_size,1.2378787,0.11085219,0.05441557
279,40.80544,16.227459,2.8,Stddev_mean_size,1.2538888,0.19360803,0.05438772
280,40.4945,15.686117,2.8,Stddev_mean_size,1.2483333,0.20280771,0.05529868
281,37.190903,13.648646,2.8888888,Stddev_mean_size,1.2518518,0.19394141,0.0735074
282,30.937176,9.041295,2.75,Stddev_mean_size,1.3072917,0.17675593,0.10120061
283,28.456652,5.8767014,2.625,Stddev_mean_size,1.2541667,0.13806772,0.12993936
284,28.583555,5.0224853,2.75,Stddev_mean_size,1.3195833,0.13062288,0.1700671
285,24.835655,2.5284684,2.4444444,Stddev_mean_size,1.2355555,0.06970839,0.23279388
286,24.503181,2.5001373,2.4444444,Stddev_mean_size,1.2355555,0.06970839,0.5008712
287,24.318655,2.5234802,2.4444444,Stddev_mean_size,1.2355555,0.06970839,5.890484
288,24.121504,2.5563097,2.4444444,Stddev_mean_size,1.2355555,0.06970839,0.6246245
289,22.859734,2.067915,2.3333333,Stddev_mean_size,1.2333333,0.0549972,0.38362232
290,23.047705,2.1234133,2.3333333,Stddev_mean_size,1.1648148,0.08383797,0.29136592
291,21.902355,2.4099095,2.375,Stddev_mean_size,1.1854167,0.09431772,0.27545542
292,22.544823,2.3531117,2.375,Stddev_mean_size,1.1854167,0.09431772,0.25204235
293,23.20348,2.2662733,2.375,Stddev_mean_size,1.1854167,0.09431772,0.24874799
294,24.308908,2.1604576,2.375,Stddev_mean_size,1.1854167,0.09431772,0.25046664
295,38.568672,14.4758835,2.875,Stddev_mean_size,1.17125,0.21793997,0.036795743
296,48.960037,22.105522,2.5555556,Stddev_mean_size,1.1266665,0.15113729,0.035981406
297,28.08323,5.449528,2.3333333,Stddev_mean_size,1.137037,0.09951874,0.039876238
298,30.051964,7.889366,2.4444444,Stddev_mean_size,1.162963,0.13618354,0.04317527
299,29.582577,8.749218,2.5,Stddev_mean_size,1.2666667,0.11195858,0.052402895
300,30.090998,8.615766,2.5,Stddev_mean_size,1.2750001,0.10606602,0.049186047
301,31.193893,6.496023,2.5,Stddev_mean_size,1.2708335,0.13035114,0.048265573
302,32.47847,6.806259,2.625,Stddev_mean_size,1.3208334,0.1355288,0.045311484
303,32.340656,7.5197716,2.7142856,Stddev_mean_size,1.3714286,0.16162442,0.04890442
304,32.68779,6.441728,2.625,Stddev_mean_size,1.3125,0.15392137,0.040424205
305,32.660076,6.3533854,2.625,Stddev_mean_size,1.325,0.14142136,0.03865337
306,32.675415,6.346426,2.625,Stddev_mean_size,1.325,0.14142136,0.037076525
307,32.426216,6.462205,2.625,Stddev_mean_size,1.325,0.14142136,0.035668235
308,27.694828,3.3475718,2.375,Stddev_mean_size,1.2958333,0.04124789,0.0350112
309,27.906063,3.4726336,2.375,Stddev_mean_size,1.3,0.03535534,0.03386849
310,26.061817,0.80698246,2.25,Stddev_mean_size,1.1916667,0.0537479,0.03284665
311,26.184757,0.9989512,2.25,Stddev_mean_size,1.175,0.03535534,0.03258838
312,25.007229,0.55165106,2.125,Stddev_mean_size,1.1375,0.012500003,0.38184315
313,25.224564,0.538053,2.125,Stddev_mean_size,1.125,0,0.31252912
314,24.22175,0.62865007,2.142857,Stddev_mean_size,1.1428572,0,0.30091324
315,24.439365,0.572784,2.142857,Stddev_mean_size,1.1428572,0,0.26927218
316,25.29018,0.55000633,2.142857,Stddev_mean_size,1.1428572,0,0.24314621
317,31.650492,1.8392143,2.5,Stddev_mean_size,1.17,0.085244745,0.2663155
318,31.809517,1.914525,2.5,Stddev_mean_size,1.1733333,0.084721774,0.26603577
319,33.93267,3.679062,2.6666667,Stddev_mean_size,1.2344445,0.12400549,0.2830775
320,41.83721,15.26856,3,Stddev_mean_size,1.1600001,0.2007906,0.3608607
321,29.193499,4.1455398,2.3333333,Stddev_mean_size,1.138889,0.10213765,0.331521
322,31.067045,5.453362,2.3333333,Stddev_mean_size,1.1111112,0.10999439,0.0408994
323,33.137627,5.8598228,2.4285715,Stddev_mean_size,1.1523811,0.12876967,0.03667853
324,32.43314,6.716831,2.5,Stddev_mean_size,1.2,0.14142136,0.044465795
325,36.313908,7.3237076,3,Stddev_mean_size,1.304,0.21620989,0.05344675
326,35.32247,6.145392,2.8333333,Stddev_mean_size,1.2388889,0.20066594,0.045580592
327,32.4421,5.2083216,2.6666667,Stddev_mean_size,1.1888889,0.1368588,0.044962388
328,31.851446,4.7464576,2.5714285,Stddev_mean_size,1.147619,0.13159326,5.026231
329,32.62509,4.1748767,2.7142856,Stddev_mean_size,1.1761905,0.1349303,0.44781122
330,31.780014,4.3239675,2.7142856,Stddev_mean_size,1.1833333,0.12690145,0.2502515
331,31.309479,4.4637213,2.7142856,Stddev_mean_size,1.2452381,0.15438306,0.18159573
332,32.499226,5.2425547,2.857143,Stddev_mean_size,1.297619,0.19816183,0.14218046
333,31.359333,6.0883827,2.7142856,Stddev_mean_size,1.2904761,0.15779169,0.11799596
334,30.99199,6.393265,2.7142856,Stddev_mean_size,1.2904761,0.15779169,0.10338459
335,30.607069,6.650889,2.7142856,Stddev_mean_size,1.2904761,0.15779169,0.092591725
336,30.246754,6.9590654,2.7142856,Stddev_mean_size,1.2904761,0.15779169,0.08689655
337,30.166094,7.319251,2.7142856,Stddev_mean_size,1.2904761,0.15779169,0.082242586
338,29.737785,8.919791,2.8333333,Stddev_mean_size,1.3388888,0.1840903,0.09321769
339,28.141935,6.517031,2.6666667,Stddev_mean_size,1.3361111,0.113330536,0.091299415
340,28.167696,6.9021554,2.6666667,Stddev_mean_size,1.225,0.15261425,0.08900655
341,29.854351,5.395842,2.5,Stddev_mean_size,1.14375,0.13946068,0.06448529
342,31.764635,7.4605494,2.625,Stddev_mean_size,1.184375,0.11997002,0.063401796
343,32.132195,7.556621,2.625,Stddev_mean_size,1.1875,0.12285535,0.061244972
344,32.51468,7.7471237,2.625,Stddev_mean_size,1.1875,0.12285535,0.059359662
345,33.156227,7.893563,2.625,Stddev_mean_size,1.1875,0.12285535,0.055498775
346,36.02475,10.426817,2.857143,Stddev_mean_size,1.252381,0.19428091,0.022252208
347,33.4748,9.147581,2.7142856,Stddev_mean_size,1.2547619,0.17795266,0.021658223
348,27.814327,5.2548623,2.4285715,Stddev_mean_size,1.15,0.104691826,0.020440826
349,27.84636,5.118177,2.4285715,Stddev_mean_size,1.1357143,0.09040611,0.019766062
350,27.859283,5.03171,2.4285715,Stddev_mean_size,1.1357143,0.09040611,0.018494423
351,31.564936,8.6283045,2.8333333,Stddev_mean_size,1.1938889,0.15427572,0.020435201
352,28.912655,6.67664,2.4285715,Stddev_mean_size,1.154762,0.0769374,0.02802147
353,26.3518,5.669232,2.2857144,Stddev_mean_size,1.1190476,0.08754655,0.028797286
354,26.4021,5.683999,2.2857144,Stddev_mean_size,1.1142857,0.08081221,0.029748898
355,29.604588,7.52911,2.375,Stddev_mean_size,1.1291667,0.12570252,0.02672314
356,27.170626,5.007004,2.25,Stddev_mean_size,1.1,0.07071068,0.027399316
357,29.367805,6.016959,2.375,Stddev_mean_size,1.1416667,0.11320251,0.028493831
358,26.978931,3.6920347,2.25,Stddev_mean_size,1.1125,0.083210684,0.02953753
359,26.709837,3.374783,2.25,Stddev_mean_size,1.1,0.07071068,0.030828735
360,30.318415,2.9201648,2.5714285,Stddev_mean_size,1.1457144,0.0902221,0.33678168
361,30.200506,2.825618,2.5714285,Stddev_mean_size,1.224762,0.058321405,0.29254514
362,25.282341,1.9988256,2.25,Stddev_mean_size,1.1916667,0.0537479,0.7676784
363,25.72559,1.4908133,2.2222223,Stddev_mean_size,1.1444443,0.04253808,0.21693607
364,25.11673,1.2142823,2.2222223,Stddev_mean_size,1.1555555,0.03142697,0.35203356
365,24.572182,0.92618436,2.2222223,Stddev_mean_size,1.1555555,0.03142697,0.6139231
366,24.241285,0.66670334,2.2222223,Stddev_mean_size,1.1555555,0.03142697,2.1678278
367,23.234138,0.308211,2.1111112,Stddev_mean_size,1.1111112,0,2.5420907
368,24.989021,0.4438731,2.2,Stddev_mean_size,1.1166667,0.047712363,0.85117376
369,24.684568,0.51762944,2.2,Stddev_mean_size,1.14,0.028284272,0.50338304
370,24.442745,0.63281417,2.2,Stddev_mean_size,1.14,0.028284272,0.34618023
371,23.307102,0.8569266,2.2222223,Stddev_mean_size,1.1555555,0.03142697,0.28438005
372,26.442575,3.938138,2.4444444,Stddev_mean_size,1.2074075,0.071322694,0.2506141
373,26.771278,3.925446,2.4444444,Stddev_mean_size,1.2166667,0.07031587,0.22291844
374,26.242023,4.5194473,2.5,Stddev_mean_size,1.2437501,0.07910535,0.20527881
375,26.67686,4.72395,2.5,Stddev_mean_size,1.2437501,0.07910535,0.17956609
376,24.294155,2.263537,2.2222223,Stddev_mean_size,1.1777778,0.0536492,0.15269229
377,25.009893,2.4650476,2.2222223,Stddev_mean_size,1.1555555,0.03142697,0.14536056
378,25.93268,2.6487637,2.2222223,Stddev_mean_size,1.1555555,0.03142697,0.13935971
379,25.666557,3.128145,2.25,Stddev_mean_size,1.175,0.03535534,0.16016425
380,26.536402,3.3004491,2.25,Stddev_mean_size,1.175,0.03535534,0.16206472
381,26.145761,3.9265382,2.2857144,Stddev_mean_size,1.1999999,0.040406104,0.20269193
382,26.930048,4.088193,2.2857144,Stddev_mean_size,1.1190476,0.08754655,0.225193
383,29.997154,5.132279,2.375,Stddev_mean_size,1.1166667,0.12963626,0.22501393
384,35.149353,8.561652,2.7142856,Stddev_mean_size,1.2392857,0.17596729,0.34014374
385,32.78609,8.815419,2.6666667,Stddev_mean_size,1.2722223,0.19641857,0.08414623
386,29.725307,5.7777047,2.4285715,Stddev_mean_size,1.1714286,0.14978974,0.06970849
387,29.740297,5.741867,2.4285715,Stddev_mean_size,1.247619,0.08754655,0.0687932
388,29.827343,5.675828,2.4285715,Stddev_mean_size,1.2571429,0.08081221,0.068413205
389,28.927378,6.5573044,2.5,Stddev_mean_size,1.3000001,0.094280906,0.08155187
390,28.932348,6.6333985,2.5,Stddev_mean_size,1.3000001,0.094280906,0.0868873
391,27.95988,8.083312,2.6,Stddev_mean_size,1.36,0.11313709,0.109553695
392,28.712305,6.8078475,2.5,Stddev_mean_size,1.2833333,0.11094757,0.09995519
393,28.410532,6.8771415,2.5,Stddev_mean_size,1.3000001,0.094280906,0.111492425
394,28.042953,6.982141,2.5,Stddev_mean_size,1.3000001,0.094280906,0.13127664
395,27.858839,7.052849,2.5,Stddev_mean_size,1.3000001,0.094280906,0.16039963
396,25.30756,3.599767,2.2857144,Stddev_mean_size,1.1857144,0.054691818,0.19907466
397,24.815355,3.7023492,2.2857144,Stddev_mean_size,1.1999999,0.040406104,0.3638906
398,24.491604,3.7906673,2.2857144,Stddev_mean_size,1.1999999,0.040406104,2.9658866
399,25.410242,3.3258638,2.25,Stddev_mean_size,1.1625,0.04785534,0.44246364
400,22.356108,0.7026591,2.125,Stddev_mean_size,1.1375,0.012500003,0.24590892
401,24.091934,3.512236,2.25,Stddev_mean_size,1.1583333,0.047140457,0.2465325
402,23.764439,3.3173392,2.25,Stddev_mean_size,1.175,0.03535534,0.24664915
403,23.382244,3.0683005,2.25,Stddev_mean_size,1.175,0.03535534,0.24667725
404,22.958786,2.8013942,2.25,Stddev_mean_size,1.175,0.03535534,0.24737325
405,22.720224,2.5343378,2.25,Stddev_mean_size,1.175,0.03535534,0.24693215
406,24.67054,4.662273,2.375,Stddev_mean_size,1.1729167,0.10315175,0.2463755
407,24.555294,4.310091,2.375,Stddev_mean_size,1.1854167,0.09431772,0.24437974
408,26.983421,6.189239,2.5,Stddev_mean_size,1.2229167,0.13111672,0.24594226
409,25.837833,4.2829113,2.375,Stddev_mean_size,1.1979167,0.10681772,0.23867261
410,26.23804,4.0440445,2.375,Stddev_mean_size,1.1729167,0.10681772,0.22556353
411,26.449696,3.8376117,2.375,Stddev_mean_size,1.1854167,0.09431772,0.22491086
412,26.760893,3.6469178,2.375,Stddev_mean_size,1.1854167,0.09431772,0.21467265
413,27.076778,3.5304897,2.375,Stddev_mean_size,1.2354167,0.083272025,0.20870075
414,26.3386,0.9886747,2.2222223,Stddev_mean_size,1.1592593,0.04814815,0.1846838
415,27.806267,3.4552183,2.3333333,Stddev_mean_size,1.2,0.07893967,0.18506357
416,27.74697,3.272418,2.3333333,Stddev_mean_size,1.2148148,0.06846401,0.18459502
417,27.653412,3.0722933,2.3333333,Stddev_mean_size,1.2148148,0.06846401,0.18459171
418,27.35903,2.8692863,2.3333333,Stddev_mean_size,1.1694444,0.08663421,0.18699434
419,28.901876,5.4132023,2.4444444,Stddev_mean_size,1.2055556,0.11002711,0.19222187
420,28.606964,5.117881,2.4444444,Stddev_mean_size,1.2092593,0.115264945,0.19321553
421,28.559113,4.7400594,2.4444444,Stddev_mean_size,1.2092593,0.115264945,0.1949376
422,28.685068,4.276984,2.4444444,Stddev_mean_size,1.2092593,0.115264945,0.19710025
423,26.90549,1.6194679,2.3333333,Stddev_mean_size,1.2074075,0.07225181,0.193421
424,25.84533,1.593397,2.375,Stddev_mean_size,1.2416667,0.077022016,0.21640503
425,25.898863,1.4166934,2.375,Stddev_mean_size,1.2854166,0.051463775,0.09498513
426,25.630886,1.255322,2.375,Stddev_mean_size,1.3,0.03535534,0.11140168
427,27.423645,3.7024171,2.5,Stddev_mean_size,1.3458333,0.06481812,0.1392094
428,27.038368,3.7628345,2.5,Stddev_mean_size,1.4208333,0.04124789,0.19070847
429,31.866913,5.6655354,3,Stddev_mean_size,1.4825395,0.10161506,0.27798337
430,28.286854,5.238729,2.625,Stddev_mean_size,1.4375,0.097227186,0.37447593
431,32.888298,6.2940593,3,Stddev_mean_size,1.486508,0.10449555,0.35205573
432,33.467834,6.5385923,3,Stddev_mean_size,1.4904763,0.10724262,0.42094356
433,33.372208,5.922279,2.875,Stddev_mean_size,1.4166667,0.106337294,0.5114316
434,33.70348,6.0897264,2.875,Stddev_mean_size,1.4291667,0.09383729,1.3408251
435,34.088036,6.2165246,2.875,Stddev_mean_size,1.4291667,0.09383729,1.6786749
436,34.575294,6.281368,2.875,Stddev_mean_size,1.3197917,0.15594545,0.44969377
437,35.113014,6.4290695,2.875,Stddev_mean_size,1.3145833,0.15279967,0.24669269
438,35.873596,6.604355,2.875,Stddev_mean_size,1.3145833,0.15279967,0.17751274
439,34.241756,4.542374,2.857143,Stddev_mean_size,1.2547618,0.11822881,0.14546683
440,39.190075,10.089806,3.1666667,Stddev_mean_size,1.2181482,0.19709933,0.1291998
441,37.514576,9.228199,3.1666667,Stddev_mean_size,1.3083334,0.19225965,0.031149002
442,34.6812,9.769523,2.8333333,Stddev_mean_size,1.3755556,0.19276322,0.11749714
443,34.09044,11.362669,3,Stddev_mean_size,1.4533334,0.23328516,0.18625526
444,33.737225,11.077538,3,Stddev_mean_size,1.4533334,0.23328516,0.2766523
445,34.670486,8.802966,3,Stddev_mean_size,1.4866667,0.20447561,0.10543034
446,34.549088,8.324763,3,Stddev_mean_size,1.5800002,0.13234206,0.10684633
447,34.35713,6.6504974,2.8333333,Stddev_mean_size,1.4055556,0.18615,0.09002497
448,32.042244,4.539458,2.5714285,Stddev_mean_size,1.2833334,0.11190478,0.2801273
449,31.720907,4.5706177,2.5714285,Stddev_mean_size,1.2976191,0.09761906,1.1810944
450,31.399004,4.671519,2.5714285,Stddev_mean_size,1.2380953,0.12411611,0.586524
451,31.227976,4.7625337,2.5714285,Stddev_mean_size,1.2333333,0.11738557,0.23156996
452,30.883621,4.813039,2.5714285,Stddev_mean_size,1.2333333,0.11738557,0.14563648
453,32.908195,6.109323,2.7142856,Stddev_mean_size,1.2714287,0.17126039,0.10771663
454,32.772587,6.0005927,2.7142856,Stddev_mean_size,1.2904762,0.15779169,0.08510823
455,32.708538,7.0286174,2.8333333,Stddev_mean_size,1.338889,0.1840903,0.09185487
456,25.63519,3.9398787,2.4285715,Stddev_mean_size,1.2404763,0.13636312,1.1302596
457,25.939957,4.1395617,2.4285715,Stddev_mean_size,1.2119048,0.10779168,1.1336697
458,26.179327,4.366188,2.4285715,Stddev_mean_size,1.2119048,0.10779168,1.1720487
459,24.900274,5.3468494,2.5,Stddev_mean_size,1.2472223,0.12575696,1.8144647
460,22.760904,6.705619,2.6,Stddev_mean_size,1.2966667,0.15090835,3.7139523
461,25.461403,7.1127586,2.5,Stddev_mean_size,1.2611111,0.12666106,0.07416143
462,25.381653,7.1122193,2.5,Stddev_mean_size,1.3000001,0.094280906,0.08146455
463,26.512865,6.031663,2.4285715,Stddev_mean_size,1.2428572,0.095097914,0.077368595
464,23.582195,3.397215,2.2857144,Stddev_mean_size,1.2142857,0.05469182,0.08867041
465,23.24841,3.1693633,2.2857144,Stddev_mean_size,1.1999999,0.040406104,0.10692142
466,19.613667,1.144606,2.142857,Stddev_mean_size,1.1571429,0.014285718,0.13728717
467,19.745605,1.1031119,2.142857,Stddev_mean_size,1.1428572,0,0.19098005
468,19.497915,1.0644201,2.142857,Stddev_mean_size,1.1428572,0,0.30337557
469,24.361866,2.4365346,2.25,Stddev_mean_size,1.1583333,0.04196278,0.58109885
470,24.358707,2.4773579,2.25,Stddev_mean_size,1.175,0.03535534,3.6024926
471,24.479877,2.5802653,2.25,Stddev_mean_size,1.175,0.03535534,0.45289254
472,26.148903,3.8809195,2.375,Stddev_mean_size,1.1760416,0.10346314,0.24162863
473,27.11694,3.6419983,2.3333333,Stddev_mean_size,1.112963,0.10348061,0.14725342
474,27.30058,3.794843,2.3333333,Stddev_mean_size,1.1222223,0.08916199,0.112259045
475,27.710802,3.7901523,2.3333333,Stddev_mean_size,1.1222223,0.08916199,0.089119144
476,27.045849,4.199471,2.375,Stddev_mean_size,1.1375,0.10030724,0.083102874
477,27.289886,4.1346035,2.375,Stddev_mean_size,1.1375,0.10030724,0.07157051
478,25.82692,1.4000504,2.125,Stddev_mean_size,1.075,0.060355347,0.055607826
479,27.815361,1.3931779,2.25,Stddev_mean_size,1.059375,0.04790535,0.05551524
480,30.248327,6.493355,2.8,Stddev_mean_size,1.1322223,0.116772436,0.08885284
481,28.674847,4.5012608,2.6,Stddev_mean_size,1.1466668,0.10766202,0.08870578
482,28.081411,4.573982,2.6,Stddev_mean_size,1.1466668,0.10766202,0.08803531
483,28.80166,3.872205,2.5,Stddev_mean_size,1.1577778,0.1266386,0.07403014
484,28.92714,3.898327,2.5,Stddev_mean_size,1.1866666,0.10456259,0.0742737
485,29.010283,3.9290276,2.5,Stddev_mean_size,1.1866666,0.10456259,0.07505079
486,29.252272,3.9660223,2.5,Stddev_mean_size,1.1866666,0.10456259,0.075016715
487,25.251354,3.2131302,2.4,Stddev_mean_size,1.225,0.09937304,0.08999504
488,25.322866,2.8831344,2.4,Stddev_mean_size,1.2166667,0.0943398,0.08982445
489,25.40475,2.624031,2.4,Stddev_mean_size,1.2166667,0.0943398,0.09078728
490,25.45305,2.4245377,2.4,Stddev_mean_size,1.2166667,0.0943398,0.094801486
491,26.752136,1.8595458,2.3333333,Stddev_mean_size,1.2347223,0.076678894,0.08205466
492,26.505953,1.7420346,2.3333333,Stddev_mean_size,1.2555555,0.055555563,0.08471361
493,27.378313,1.4398955,2.2857144,Stddev_mean_size,1.2642858,0.01840964,0.07425443
494,28.475782,5.893348,2.4285715,Stddev_mean_size,1.3333334,0.0485621,0.30020502
495,27.020142,6.8508115,2.5,Stddev_mean_size,1.4,0.047140453,0.2209041
496,26.611494,6.9491134,2.5,Stddev_mean_size,1.4,0.047140453,0.22749873
497,25.668322,7.2133384,2.5,Stddev_mean_size,1.4,0.047140453,0.19000559
498,24.907793,7.5637383,2.5,Stddev_mean_size,1.4,0.047140453,0.15795778
499,23.762121,2.102509,2.2857144,Stddev_mean_size,1.2857143,0.02857143,0.12719041
500,23.122725,2.331083,2.2857144,Stddev_mean_size,1.2214286,0.050113257,0.1273022
